id1,id2,tgl_transaksi,jumlah_debit,jumlah_kredit
1,3552081402084905,9/16/2019,757459.28,838468.74
2,3552081402084905,4/25/2019,392011.59,151344.7
3,3552081402084905,1/2/2005,450904.68,526232.33
4,3552081402084905,10/1/2006,302103.2,417562.83
5,3552081402084905,1/24/2003,548022.68,93995.6
6,3552081402084905,4/16/2005,414341.01,21032.58
7,3552081402084905,6/27/2007,820692.71,897802.4
8,3552081402084905,9/28/2014,854302.28,215486.68
9,3552081402084905,11/26/2017,570751.24,462896.85
10,3552081402084905,6/18/2007,889775.63,545711.96
11,3552081402084905,5/12/2015,392990.32,275417.32
12,3552081402084905,4/20/2008,157979.56,227332.7
13,3552081402084905,4/7/2021,395971.93,666178.66
14,3552081402084905,2/28/2004,212167.02,106052.46
15,3552081402084905,5/15/2018,933900.35,62501.97
16,3552081402084905,3/5/2006,720429.45,861664.34
17,3552081402084905,7/13/2009,580784.96,97996.13
18,3552081402084905,12/10/2017,179238.25,12917.6
19,3552081402084905,10/28/2007,425936.38,478610.08
20,3552081402084905,12/13/2001,813788.88,411791.89
21,3552081402084905,5/4/2006,171663.39,165846.97
22,3552081402084905,5/9/2000,325215.84,342702.31
23,3552081402084905,5/20/2014,189995.46,721126.16
24,3552081402084905,4/15/2016,929998.84,182613.69
25,3552081402084905,12/1/2009,551038.31,794052.44
26,3552081402084905,9/30/2004,328374.11,875095.2
27,3552081402084905,10/3/2016,702945.35,559331.78
28,3552081402084905,7/22/2017,602852.66,164797.85
29,3552081402084905,8/23/2002,230406.33,942059.74
30,3552081402084905,4/10/2014,14929.26,2761.23
31,3552081402084905,12/28/2021,690425.47,617693.36
32,3552081402084905,9/21/2017,241753.18,227306.9
33,3552081402084905,12/17/2020,671889.69,775335.08
34,3552081402084905,1/11/2011,392753.46,353652.0
35,3552081402084905,6/26/2019,820765.69,707104.58
36,3552081402084905,3/24/2017,213651.9,262609.16
37,3552081402084905,3/21/2006,189408.6,618856.3
38,3552081402084905,8/3/2003,791757.85,42586.76
39,3552081402084905,3/14/2005,512423.48,721333.58
40,3552081402084905,11/3/2010,451576.63,191690.71
41,3552081402084905,10/16/2019,981191.77,831584.02
42,3552081402084905,5/2/2009,109435.4,235169.79
43,3552081402084905,11/22/2014,850866.3,754350.74
44,3552081402084905,2/21/2004,527375.83,70840.92
45,3552081402084905,6/19/2002,611329.31,125014.21
46,3552081402084905,2/12/2020,533323.19,131724.91
47,3552081402084905,5/31/2003,394008.87,481841.68
48,3552081402084905,8/16/2011,582006.82,182894.32
49,3552081402084905,1/12/2004,646825.38,420556.71
50,3552081402084905,11/6/2001,990208.78,336197.37
51,3552081402084905,2/9/2005,477817.0,894405.62
52,3552081402084905,8/22/2009,705670.53,40754.95
53,3552081402084905,2/8/2021,792749.11,279870.18
54,3552081402084905,2/26/2007,804207.88,299466.72
55,3552081402084905,10/17/2005,552712.62,144786.65
56,3552081402084905,12/23/2020,143024.56,134880.19
57,3552081402084905,8/24/2004,168270.56,414380.08
58,3552081402084905,2/12/2008,192299.23,372969.27
59,3552081402084905,12/12/2015,72335.99,303038.38
60,3552081402084905,10/10/2021,539943.04,247293.58
61,3552081402084905,10/14/2002,372718.17,875794.65
62,3552081402084905,8/8/2006,656257.13,423382.66
63,3552081402084905,11/1/2004,173988.12,297122.88
64,3552081402084905,2/5/2004,520706.01,445840.86
65,3552081402084905,1/23/2002,160977.1,904176.06
66,3552081402084905,1/29/2008,6114.48,403596.98
67,3552081402084905,9/1/2018,349972.94,483843.06
68,3552081402084905,10/22/2022,993719.12,944460.17
69,3552081402084905,9/22/2014,694824.85,695450.91
70,3552081402084905,8/24/2011,982526.06,885870.0
71,3552081402084905,1/25/2019,623406.0,50528.97
72,3552081402084905,3/30/2010,748262.64,42193.08
73,3552081402084905,2/23/2016,37481.78,14715.87
74,3552081402084905,8/13/2009,254926.39,745500.57
75,3552081402084905,6/30/2016,29657.93,974686.83
76,3552081402084905,7/7/2019,677989.04,989181.44
77,3552081402084905,1/13/2000,295677.04,221563.09
78,3552081402084905,8/26/2008,674779.54,150292.49
79,3552081402084905,11/14/2008,72963.31,134652.34
80,3552081402084905,10/3/2022,840904.71,894388.02
81,3552081402084905,10/4/2003,932589.81,943456.56
82,3552081402084905,6/3/2011,674105.98,245836.14
83,3552081402084905,10/21/2015,95810.88,74976.2
84,3552081402084905,2/27/2013,143591.67,969166.55
85,3552081402084905,10/5/2011,41297.75,229024.13
86,3552081402084905,3/28/2022,253986.54,275498.33
87,3552081402084905,2/28/2000,68985.7,120130.19
88,3552081402084905,3/1/2001,191675.38,527104.11
89,3552081402084905,10/29/2017,413450.83,144317.15
90,3552081402084905,7/19/2012,322625.2,457600.27
91,3552081402084905,3/20/2008,640145.8,104488.43
92,3552081402084905,7/7/2000,365684.74,572677.42
93,3552081402084905,1/26/2003,448512.0,740150.84
94,3552081402084905,7/31/2002,661773.04,217529.59
95,3552081402084905,7/8/2015,569167.58,594308.36
96,3552081402084905,5/1/2005,937855.37,745622.42
97,3552081402084905,10/18/2021,123665.52,227231.57
98,3552081402084905,7/24/2015,842974.87,352955.22
99,3552081402084905,9/23/2004,988501.24,133218.89
100,3552081402084905,10/10/2018,142945.26,321310.51
101,3552081402084905,8/26/2002,414162.71,302167.8
102,3552081402084905,12/18/2001,740421.1,289121.06
103,3552081402084905,5/8/2012,448152.51,234132.15
104,3552081402084905,6/28/2009,328213.29,606094.48
105,3552081402084905,10/6/2012,651754.08,355125.63
106,3552081402084905,9/19/2004,97413.31,602296.03
107,3552081402084905,1/5/2020,294295.34,324499.4
108,3552081402084905,7/30/2010,17955.87,286705.7
109,3552081402084905,5/8/2006,75694.76,470991.84
110,3552081402084905,4/1/2016,3076.66,797550.0
111,3552081402084905,10/19/2017,394995.96,368254.92
112,3552081402084905,7/1/2005,154333.79,907374.95
113,3552081402084905,10/15/2011,80485.18,180484.95
114,3552081402084905,3/29/2003,73153.09,643662.57
115,3552081402084905,9/15/2016,706639.74,806151.21
116,3552081402084905,6/3/2007,720578.21,129177.76
117,3552081402084905,11/11/2016,523734.6,985894.34
118,3552081402084905,8/9/2019,261481.3,105610.35
119,3552081402084905,1/30/2015,931183.95,414032.52
120,3552081402084905,6/22/2016,624530.47,821900.87
121,3552081402084905,4/1/2007,568699.18,781425.44
122,3552081402084905,9/2/2018,835575.56,84099.73
123,3552081402084905,2/27/2016,645819.76,614709.97
124,3552081402084905,3/29/2018,864262.43,988910.45
125,3552081402084905,10/24/2005,451469.65,139945.43
126,3552081402084905,2/16/2020,366541.2,13741.0
127,3552081402084905,5/26/2010,282091.33,634493.76
128,3552081402084905,5/16/2002,285707.21,604373.14
129,3552081402084905,3/3/2020,711665.68,173198.09
130,3552081402084905,7/1/2014,439874.16,273443.7
131,3552081402084905,9/17/2019,379171.83,775711.68
132,3552081402084905,5/6/2005,472952.77,533372.82
133,3552081402084905,6/9/2004,935851.68,576082.66
134,3552081402084905,2/1/2012,688424.57,963530.46
135,3552081402084905,10/8/2006,554110.8,912610.08
136,3552081402084905,12/2/2001,331125.36,215908.13
137,3552081402084905,7/1/2006,820538.24,638757.37
138,3552081402084905,1/15/2001,463782.81,983903.13
139,3552081402084905,10/28/2012,363910.61,540353.82
140,3552081402084905,3/22/2016,320854.33,417429.83
141,3552081402084905,3/4/2017,62294.66,171391.43
142,3552081402084905,10/27/2000,379987.2,318393.33
143,3552081402084905,2/19/2004,140529.65,206295.28
144,3552081402084905,3/25/2019,122688.38,99686.56
145,3552081402084905,9/25/2015,525805.02,760095.72
146,3552081402084905,8/23/2012,864002.37,48703.81
147,3552081402084905,11/17/2020,207454.74,352034.82
148,3552081402084905,6/8/2004,6782.07,866675.24
149,3552081402084905,6/1/2011,729752.4,638129.74
150,3552081402084905,3/16/2011,632296.95,322364.39
151,3552081402084905,11/23/2000,537970.63,505205.8
152,3552081402084905,9/26/2003,725523.38,267955.85
153,3552081402084905,7/8/2019,554078.81,146880.12
154,3552081402084905,4/6/2019,934443.25,990174.48
155,3552081402084905,11/2/2011,421944.71,431155.53
156,3552081402084905,2/12/2015,875297.57,799734.16
157,3552081402084905,6/2/2017,126594.64,878418.82
158,3552081402084905,4/20/2011,38862.19,107822.75
159,3552081402084905,11/3/2006,907823.86,943755.14
160,3552081402084905,5/1/2012,149609.81,217407.9
161,3552081402084905,2/26/2007,636383.11,109286.49
162,3552081402084905,9/1/2005,97584.27,330370.0
163,3552081402084905,3/11/2000,48464.1,21028.88
164,3552081402084905,6/19/2015,660733.05,289061.45
165,3552081402084905,4/4/2016,611964.83,647394.08
166,3552081402084905,8/10/2018,529866.22,250616.98
167,3552081402084905,12/27/2014,213804.27,804758.1
168,3552081402084905,4/17/2000,370875.24,390454.8
169,3552081402084905,11/28/2014,833033.2,904895.08
170,3552081402084905,5/31/2011,57888.46,286889.31
171,3552081402084905,7/23/2003,480551.85,680086.34
172,3552081402084905,7/5/2015,961645.95,956299.36
173,3552081402084905,10/1/2014,710224.48,150912.49
174,3552081402084905,1/11/2014,738739.54,842366.64
175,3552081402084905,8/12/2012,160477.3,494493.42
176,3552081402084905,7/31/2010,783879.32,993870.2
177,3552081402084905,3/10/2017,769307.02,920631.27
178,3552081402084905,1/13/2022,135647.05,435179.08
179,3552081402084905,12/27/2009,455107.79,253060.3
180,3552081402084905,1/19/2020,71240.8,610137.5
181,3552081402084905,2/11/2014,564765.65,247263.77
182,3552081402084905,11/20/2021,358463.88,496993.78
183,3552081402084905,12/15/2007,772082.84,90811.69
184,3552081402084905,8/30/2008,30447.89,376161.19
185,3552081402084905,3/7/2020,550951.91,186091.16
186,3552081402084905,1/29/2019,574898.34,682298.11
187,3552081402084905,4/28/2022,252877.8,177366.43
188,3552081402084905,3/7/2003,679431.0,295708.99
189,3552081402084905,1/5/2003,629315.93,463747.03
190,3552081402084905,9/5/2018,834725.61,28755.93
191,3552081402084905,1/11/2006,167866.28,472406.68
192,3552081402084905,10/1/2010,670658.09,943030.99
193,3552081402084905,10/16/2018,881244.45,375491.02
194,3552081402084905,8/16/2018,599672.5,301786.13
195,3552081402084905,11/28/2022,674618.34,320816.99
196,3552081402084905,4/30/2003,738026.64,791463.62
197,3552081402084905,12/1/2004,431658.25,571349.47
198,3552081402084905,12/9/2000,829652.96,261424.22
199,3552081402084905,7/17/2012,148235.26,313614.24
200,3552081402084905,3/6/2010,937063.05,417601.76
201,3552081402084905,6/25/2020,921378.02,8186.51
202,3552081402084905,10/9/2018,360853.58,539406.86
203,3552081402084905,8/28/2017,456216.88,623052.7
204,3552081402084905,10/23/2016,16759.74,8863.66
205,3552081402084905,7/24/2021,324329.52,152428.27
206,3552081402084905,9/22/2000,45973.25,509877.82
207,3552081402084905,7/8/2012,353443.21,945423.69
208,3552081402084905,3/31/2021,987348.83,292272.53
209,3552081402084905,3/3/2022,61349.41,970448.15
210,3552081402084905,4/28/2013,446478.28,919485.83
211,3552081402084905,12/16/2007,697668.06,803367.42
212,3552081402084905,5/29/2020,611328.79,206318.39
213,3552081402084905,2/23/2015,125727.05,652879.27
214,3552081402084905,9/9/2015,421302.37,95119.52
215,3552081402084905,10/6/2015,722398.2,15814.01
216,3552081402084905,12/11/2009,137233.27,322444.79
217,3552081402084905,2/9/2013,890726.39,213809.59
218,3552081402084905,3/17/2018,743954.93,53365.47
219,3552081402084905,2/24/2004,837784.62,975965.35
220,3552081402084905,6/17/2013,173728.28,182325.23
221,3552081402084905,11/29/2006,174869.92,167216.22
222,3552081402084905,7/3/2018,46772.09,794526.11
223,3552081402084905,3/1/2005,95129.16,221076.27
224,3552081402084905,12/7/2009,532901.96,281133.98
225,3552081402084905,2/16/2020,163624.6,110657.32
226,3552081402084905,4/10/2022,908533.49,370332.64
227,3552081402084905,2/5/2010,255998.83,434860.17
228,3552081402084905,1/11/2009,568831.97,982188.15
229,3552081402084905,7/31/2006,212158.72,677955.98
230,3552081402084905,9/19/2007,820182.59,973879.22
231,3552081402084905,6/7/2012,492668.77,363635.09
232,3552081402084905,9/28/2020,716731.13,856126.25
233,3552081402084905,2/24/2019,860648.85,556004.96
234,3552081402084905,7/22/2015,415158.5,212161.75
235,3552081402084905,3/11/2009,216818.66,5894.63
236,3552081402084905,6/19/2008,278698.61,28630.63
237,3552081402084905,8/1/2020,728611.39,696118.64
238,3552081402084905,8/6/2002,861078.92,169607.34
239,3552081402084905,2/12/2003,517802.51,511685.26
240,3552081402084905,5/31/2019,905197.58,738629.34
241,3552081402084905,4/2/2020,652943.54,698648.31
242,3552081402084905,3/21/2015,962606.1,631312.39
243,3552081402084905,8/26/2005,302075.98,428199.36
244,3552081402084905,9/1/2006,242951.75,23465.68
245,3552081402084905,2/25/2002,470330.48,22587.16
246,3552081402084905,5/3/2005,61405.65,810009.18
247,3552081402084905,3/19/2006,313311.51,765056.95
248,3552081402084905,10/9/2005,432549.83,956052.71
249,3552081402084905,3/16/2014,428843.19,702848.68
250,3552081402084905,5/29/2020,609511.14,673657.39
251,3552081402084905,5/18/2020,886150.55,611450.65
252,3552081402084905,6/29/2007,885488.54,839083.85
253,3552081402084905,6/2/2006,813615.11,904785.45
254,3552081402084905,11/29/2010,301045.42,148812.72
255,3552081402084905,8/29/2011,230068.84,855036.78
256,3552081402084905,1/21/2011,828463.44,54703.58
257,3552081402084905,1/18/2011,874181.34,694935.93
258,3552081402084905,5/16/2005,155492.07,633273.47
259,3552081402084905,12/19/2016,116180.21,174120.59
260,3552081402084905,10/6/2001,956765.63,441281.45
261,3552081402084905,11/9/2000,38889.41,14739.86
262,3552081402084905,11/3/2013,338842.69,769413.24
263,3552081402084905,10/18/2013,400760.22,179894.7
264,3552081402084905,3/26/2000,602270.45,665451.14
265,3552081402084905,3/22/2022,172835.59,508952.93
266,3552081402084905,11/30/2021,133767.56,578105.87
267,3552081402084905,10/3/2003,129895.31,248774.81
268,3552081402084905,1/3/2000,137382.37,615289.77
269,3552081402084905,8/5/2020,360868.65,579898.0
270,3552081402084905,8/19/2008,344502.51,860837.97
271,3552081402084905,10/29/2006,951673.31,103743.01
272,3552081402084905,3/20/2007,765011.33,37650.29
273,3552081402084905,11/13/2000,858747.35,380464.31
274,3552081402084905,1/13/2004,933906.5,97888.78
275,3552081402084905,6/28/2004,42215.32,904131.64
276,3552081402084905,7/7/2019,972193.33,674013.66
277,3552081402084905,9/19/2014,553220.17,670649.46
278,3552081402084905,2/19/2019,597501.87,281159.86
279,3552081402084905,4/26/2008,740443.3,796934.5
280,3552081402084905,1/16/2014,171429.63,241979.37
281,3552081402084905,11/26/2015,162598.96,646304.9
282,3552081402084905,6/10/2002,69150.19,412435.05
283,3552081402084905,11/3/2015,751330.74,469359.0
284,3552081402084905,5/26/2009,888813.14,948022.75
285,3552081402084905,4/30/2001,51309.42,359822.51
286,3552081402084905,2/1/2007,715534.24,139832.31
287,3552081402084905,1/2/2010,963448.57,946121.02
288,3552081402084905,9/4/2018,30090.31,888550.26
289,3552081402084905,1/28/2016,7763.03,115462.51
290,3552081402084905,2/17/2003,263882.62,641040.75
291,3552081402084905,4/8/2016,760935.21,282963.95
292,3552081402084905,1/28/2012,366713.35,547992.52
293,3552081402084905,6/4/2012,122289.46,639457.09
294,3552081402084905,4/10/2002,310963.41,268122.85
295,3552081402084905,3/19/2013,59998.95,639014.55
296,3552081402084905,3/16/2004,60354.6,382629.61
297,3552081402084905,9/28/2000,286268.1,739183.64
298,3552081402084905,7/31/2021,541473.53,631319.04
299,3552081402084905,6/24/2012,227797.55,201158.22
300,3552081402084905,1/19/2022,759964.86,178874.44
301,3552081402084905,10/13/2008,772699.09,279578.34
302,3552081402084905,1/18/2015,762468.0,706971.22
303,3552081402084905,3/4/2000,365013.78,426827.88
304,3552081402084905,2/27/2008,245397.73,46950.14
305,3552081402084905,8/20/2001,268080.77,132920.85
306,3552081402084905,8/21/2016,58077.0,57443.58
307,3552081402084905,10/15/2010,951571.65,130544.95
308,3552081402084905,3/15/2006,869554.21,316371.12
309,3552081402084905,1/24/2008,170970.26,356355.83
310,3552081402084905,9/25/2006,964235.47,937730.02
311,3552081402084905,2/18/2007,317456.86,24246.99
312,3552081402084905,7/11/2006,626516.29,274399.9
313,3552081402084905,5/16/2013,116638.26,801788.6
314,3552081402084905,9/18/2008,595568.23,18486.92
315,3552081402084905,6/16/2020,63604.13,700917.75
316,3552081402084905,8/20/2014,675223.91,541856.38
317,3552081402084905,10/12/2021,855703.62,80649.85
318,3552081402084905,8/10/2022,402469.29,609184.0
319,3552081402084905,3/20/2009,938830.61,939262.56
320,3552081402084905,12/28/2012,555218.29,845966.18
321,3552081402084905,11/22/2010,754764.2,530926.51
322,3552081402084905,7/30/2013,910444.19,258641.02
323,3552081402084905,5/24/2018,532310.05,173443.85
324,3552081402084905,10/9/2012,479686.77,591116.36
325,3552081402084905,12/26/2012,660980.04,728071.91
326,3552081402084905,10/10/2008,931389.89,714974.47
327,3552081402084905,10/29/2013,173839.46,555555.77
328,3552081402084905,6/14/2017,795708.41,371140.08
329,3552081402084905,5/15/2004,892483.58,125174.15
330,3552081402084905,11/23/2012,678281.94,93392.11
331,3552081402084905,3/25/2006,462129.34,47744.36
332,3552081402084905,9/29/2005,429473.47,967038.82
333,3552081402084905,10/30/2002,708655.57,774452.98
334,3552081402084905,9/7/2009,502741.72,544180.0
335,3552081402084905,1/2/2021,403078.77,426294.64
336,3552081402084905,12/3/2000,557273.74,427693.46
337,3552081402084905,8/12/2010,331764.34,271992.68
338,3552081402084905,7/25/2022,381807.57,7793.18
339,3552081402084905,3/1/2004,643148.5,819921.04
340,3552081402084905,11/27/2010,194590.04,240059.75
341,3552081402084905,9/20/2016,423627.4,10054.69
342,3552081402084905,1/11/2006,476878.63,303926.84
343,3552081402084905,12/18/2012,193815.6,517498.95
344,3552081402084905,9/17/2011,576737.0,323667.46
345,3552081402084905,2/25/2001,489891.47,533720.62
346,3552081402084905,8/10/2011,27569.68,770703.91
347,3552081402084905,3/9/2016,927354.33,796962.25
348,3552081402084905,5/30/2017,316528.89,289477.05
349,3552081402084905,3/14/2016,449094.24,178916.71
350,3552081402084905,9/12/2008,823770.61,357379.47
351,3552081402084905,6/30/2017,266567.12,80687.03
352,3552081402084905,2/22/2003,257301.52,608079.25
353,3552081402084905,9/28/2005,634451.4,113242.19
354,3552081402084905,3/3/2011,97447.11,852711.23
355,3552081402084905,3/24/2004,576580.46,698091.82
356,3552081402084905,11/13/2005,756069.84,527937.33
357,3552081402084905,11/27/2005,656153.9,786019.0
358,3552081402084905,11/7/2014,769206.77,589359.54
359,3552081402084905,6/20/2008,264954.17,935047.09
360,3552081402084905,8/11/2008,499367.31,212200.48
361,3552081402084905,3/8/2013,96452.93,46122.42
362,3552081402084905,11/12/2007,703735.0,485170.65
363,3552081402084905,7/18/2013,160919.79,435356.13
364,3552081402084905,6/3/2011,366999.31,510764.34
365,3552081402084905,8/13/2015,493910.48,164877.31
366,3552081402084905,7/15/2017,562100.35,469326.76
367,3552081402084905,5/15/2004,296395.3,195791.34
368,3552081402084905,12/17/2013,814095.36,787541.39
369,3552081402084905,12/8/2002,717364.76,236312.73
370,3552081402084905,8/2/2013,230700.4,982982.47
371,3552081402084905,6/13/2018,845087.75,649114.47
372,3552081402084905,5/27/2020,951802.65,666105.52
373,3552081402084905,2/23/2019,216788.84,543997.63
374,3552081402084905,10/3/2010,782103.49,715484.21
375,3552081402084905,5/24/2022,548698.5,226562.61
376,3552081402084905,12/4/2005,923465.03,504311.44
377,3552081402084905,4/14/2021,487591.16,192329.74
378,3552081402084905,2/25/2010,512755.79,103023.46
379,3552081402084905,11/15/2010,998761.31,883061.92
380,3552081402084905,9/30/2001,240919.98,572509.78
381,3552081402084905,8/26/2010,219407.6,149530.27
382,3552081402084905,8/14/2019,543388.96,436200.89
383,3552081402084905,9/2/2005,599509.11,256923.13
384,3552081402084905,12/8/2010,807509.71,718445.0
385,3552081402084905,4/21/2009,962979.66,117160.65
386,3552081402084905,8/30/2002,798993.58,863184.37
387,3552081402084905,12/25/2018,933945.99,438640.45
388,3552081402084905,9/27/2014,678845.89,234956.74
389,3552081402084905,8/31/2016,612756.7,767006.92
390,3552081402084905,1/27/2010,294574.55,618947.87
391,3552081402084905,4/28/2019,617893.78,197376.54
392,3552081402084905,4/9/2008,370684.97,521558.58
393,3552081402084905,4/20/2022,978678.0,97362.78
394,3552081402084905,10/4/2016,225626.12,574806.86
395,3552081402084905,11/24/2004,977561.86,88467.25
396,3552081402084905,9/27/2019,840361.83,687400.23
397,3552081402084905,3/26/2012,128011.64,562226.75
398,3552081402084905,3/21/2010,533676.15,301245.81
399,3552081402084905,8/10/2010,323724.94,817372.66
400,3552081402084905,12/2/2020,309673.53,839597.93
401,3552081402084905,11/20/2013,421260.18,947988.49
402,3552081402084905,6/19/2020,283929.87,57995.0
403,3552081402084905,1/27/2016,670835.18,200225.59
404,3552081402084905,7/22/2008,805308.9,51019.74
405,3552081402084905,1/11/2021,115611.2,106179.44
406,3552081402084905,2/14/2015,819116.06,850100.51
407,3552081402084905,2/25/2015,267206.33,324970.82
408,3552081402084905,7/24/2018,722094.4,191003.46
409,3552081402084905,8/11/2006,419712.72,139561.83
410,3552081402084905,7/12/2005,470335.3,529380.58
411,3552081402084905,3/22/2012,852361.39,471096.55
412,3552081402084905,2/2/2003,398704.13,85870.53
413,3552081402084905,7/29/2010,433302.71,210503.39
414,3552081402084905,5/4/2002,989151.86,47300.75
415,3552081402084905,10/18/2006,233078.28,708599.34
416,3552081402084905,8/11/2018,676957.8,396268.22
417,3552081402084905,10/20/2017,261722.38,831928.21
418,3552081402084905,10/1/2006,6674.17,700655.73
419,3552081402084905,11/24/2017,864101.34,768964.25
420,3552081402084905,1/26/2004,323013.44,485428.68
421,3552081402084905,8/2/2001,972432.17,581709.93
422,3552081402084905,2/26/2000,761959.63,376430.75
423,3552081402084905,3/26/2016,453915.91,432113.22
424,3552081402084905,9/13/2007,282409.64,838272.27
425,3552081402084905,4/7/2001,630517.9,500384.1
426,3552081402084905,4/15/2004,936015.61,216132.6
427,3552081402084905,8/4/2003,679488.72,594047.67
428,3552081402084905,12/21/2020,867605.57,261694.26
429,3552081402084905,6/21/2010,991078.67,896999.54
430,3552081402084905,1/31/2004,934980.55,841027.18
431,3552081402084905,6/11/2003,810647.08,501543.04
432,3552081402084905,5/30/2020,497002.24,427791.66
433,3552081402084905,8/11/2014,641741.45,435041.88
434,3552081402084905,3/1/2006,789681.84,131720.17
435,3552081402084905,10/26/2005,602960.07,769922.73
436,3552081402084905,7/18/2011,236736.13,768316.19
437,3552081402084905,6/13/2019,487746.9,572946.75
438,3552081402084905,3/8/2012,231863.73,692644.25
439,3552081402084905,1/26/2010,957085.71,435958.43
440,3552081402084905,5/14/2019,652959.92,496998.7
441,3552081402084905,11/2/2016,568224.61,116983.26
442,3552081402084905,2/20/2003,799715.55,81015.47
443,3552081402084905,1/17/2021,899212.86,378187.17
444,3552081402084905,9/16/2005,444460.25,959152.89
445,3552081402084905,1/30/2007,417701.97,222553.52
446,3552081402084905,9/21/2015,869346.74,802165.02
447,3552081402084905,3/30/2002,802752.63,475063.66
448,3552081402084905,5/4/2008,104231.07,219997.75
449,3552081402084905,3/19/2018,683943.4,25303.98
450,3552081402084905,9/19/2021,340857.26,482144.18
451,3552081402084905,2/27/2005,745085.08,158586.29
452,3552081402084905,6/4/2019,945316.54,514091.95
453,3552081402084905,9/23/2003,770668.03,668884.14
454,3552081402084905,9/11/2007,700161.17,44353.21
455,3552081402084905,2/14/2022,361510.45,83565.85
456,3552081402084905,6/19/2001,745557.02,451941.93
457,3552081402084905,10/16/2001,78224.39,671705.86
458,3552081402084905,7/29/2022,748025.12,785973.63
459,3552081402084905,12/3/2016,968202.29,427207.88
460,3552081402084905,9/23/2018,665242.68,651707.15
461,3552081402084905,12/29/2009,372250.43,792381.34
462,3552081402084905,12/26/2018,153150.48,85330.32
463,3552081402084905,7/21/2016,337872.16,238714.21
464,3552081402084905,1/17/2022,139723.9,909375.99
465,3552081402084905,5/15/2002,426768.35,490209.51
466,3552081402084905,4/30/2002,895891.19,87163.15
467,3552081402084905,6/8/2019,379638.83,579213.36
468,3552081402084905,1/14/2020,33918.35,723556.54
469,3552081402084905,6/12/2003,676313.78,198168.19
470,3552081402084905,4/30/2010,999534.08,246665.76
471,3552081402084905,11/11/2022,47075.42,514916.19
472,3552081402084905,9/14/2019,485451.89,273532.82
473,3552081402084905,7/4/2011,816157.85,452210.11
474,3552081402084905,3/19/2021,7828.36,456161.82
475,3552081402084905,9/25/2005,48436.46,476167.15
476,3552081402084905,3/5/2007,699352.78,957177.84
477,3552081402084905,2/24/2021,188616.42,389189.62
478,3552081402084905,12/7/2001,553559.55,796910.04
479,3552081402084905,10/2/2003,472247.65,541617.51
480,3552081402084905,11/22/2005,243060.51,840912.31
481,3552081402084905,10/24/2019,483836.58,493393.45
482,3552081402084905,4/13/2011,275214.17,81526.15
483,3552081402084905,4/7/2020,643449.49,58988.11
484,3552081402084905,12/6/2005,475323.82,138229.39
485,3552081402084905,5/31/2017,721447.74,795341.42
486,3552081402084905,7/24/2009,202841.61,877235.32
487,3552081402084905,9/22/2018,429806.06,599689.5
488,3552081402084905,7/17/2003,72030.05,875516.11
489,3552081402084905,11/8/2022,224749.27,214356.04
490,3552081402084905,1/7/2019,753559.14,9417.3
491,3552081402084905,4/29/2020,453354.37,262516.13
492,3552081402084905,2/18/2021,211109.54,674590.23
493,3552081402084905,6/29/2020,585584.28,920213.08
494,3552081402084905,12/13/2019,190746.65,98526.02
495,3552081402084905,4/6/2000,531938.79,268035.78
496,3552081402084905,8/20/2001,73648.32,23654.09
497,3552081402084905,7/29/2006,895282.0,812314.83
498,3552081402084905,12/16/2015,341939.66,890173.16
499,3552081402084905,8/12/2011,606927.96,135417.48
500,3552081402084905,7/22/2021,799085.1,497941.48
501,3552081402084905,10/18/2005,237760.78,344473.78
502,3552081402084905,2/9/2002,678050.08,633013.85
503,3552081402084905,7/17/2005,461891.82,628083.81
504,3552081402084905,9/25/2001,691505.33,293194.54
505,3552081402084905,12/13/2001,158835.95,644021.34
506,3552081402084905,7/26/2002,862012.35,406172.66
507,3552081402084905,5/11/2000,503536.55,485552.73
508,3552081402084905,4/1/2014,95660.11,102990.72
509,3552081402084905,1/12/2022,66270.76,388679.76
510,3552081402084905,1/17/2008,807857.45,232052.59
511,3552081402084905,2/25/2003,952271.49,603921.26
512,3552081402084905,11/10/2017,913480.03,111116.35
513,3552081402084905,7/16/2007,185498.81,507693.66
514,3552081402084905,2/27/2008,48259.16,512299.33
515,3552081402084905,5/18/2013,573667.4,71861.55
516,3552081402084905,4/16/2002,489398.4,130384.52
517,3552081402084905,6/21/2003,777035.82,476789.38
518,3552081402084905,11/13/2010,793997.16,143664.8
519,3552081402084905,4/5/2012,3216.98,945784.68
520,3552081402084905,9/20/2016,919958.71,508876.57
521,3552081402084905,7/28/2015,43695.81,573885.95
522,3552081402084905,1/7/2020,50741.76,520529.29
523,3552081402084905,9/29/2003,793135.18,804938.46
524,3552081402084905,2/2/2015,641937.91,74616.02
525,3552081402084905,9/29/2021,501989.17,646021.01
526,3552081402084905,12/26/2008,308350.13,338866.98
527,3552081402084905,1/5/2020,404842.16,716273.09
528,3552081402084905,9/25/2001,835446.14,385960.0
529,3552081402084905,6/14/2014,645293.68,424032.11
530,3552081402084905,9/19/2012,662090.46,659610.96
531,3552081402084905,12/31/2002,499863.68,580981.38
532,3552081402084905,2/29/2016,587688.67,232604.32
533,3552081402084905,3/26/2018,394866.95,324789.89
534,3552081402084905,2/4/2005,992726.52,583990.58
535,3552081402084905,8/20/2016,762881.44,272359.1
536,3552081402084905,5/22/2017,507508.64,851304.76
537,3552081402084905,6/8/2015,491930.65,377124.68
538,3552081402084905,10/20/2018,9561.57,172256.49
539,3552081402084905,7/19/2002,538186.0,171012.9
540,3552081402084905,3/18/2002,670411.77,98404.0
541,3552081402084905,11/28/2021,660943.21,674505.67
542,3552081402084905,1/5/2011,508364.69,692088.47
543,3552081402084905,9/16/2017,326987.46,842119.68
544,3552081402084905,3/17/2021,572974.82,252995.76
545,3552081402084905,7/28/2018,479720.87,406662.37
546,3552081402084905,1/31/2007,718139.62,495294.73
547,3552081402084905,11/30/2008,694115.96,708843.37
548,3552081402084905,9/12/2017,468261.1,340038.02
549,3552081402084905,2/25/2000,539015.35,465358.72
550,3552081402084905,11/23/2011,568526.16,185413.04
551,3552081402084905,8/3/2018,373733.78,923565.97
552,3552081402084905,2/21/2014,833908.56,292283.96
553,3552081402084905,11/2/2011,422154.13,849439.66
554,3552081402084905,10/6/2020,437380.17,458942.03
555,3552081402084905,1/26/2012,588573.62,747971.98
556,3552081402084905,1/28/2015,627287.4,433719.72
557,3552081402084905,8/19/2019,805203.72,438921.36
558,3552081402084905,6/26/2016,374809.38,917790.78
559,3552081402084905,1/13/2018,825999.83,750804.82
560,3552081402084905,9/18/2002,997634.91,156233.23
561,3552081402084905,5/11/2006,593078.08,121160.37
562,3552081402084905,3/14/2012,216246.88,647556.1
563,3552081402084905,10/1/2018,966324.78,116526.68
564,3552081402084905,4/8/2004,268263.48,866710.3
565,3552081402084905,3/22/2020,278288.91,480534.75
566,3552081402084905,6/21/2010,246107.22,326645.95
567,3552081402084905,10/18/2009,721244.29,211216.22
568,3552081402084905,3/13/2022,487684.43,624320.92
569,3552081402084905,12/18/2001,691719.03,60902.74
570,3552081402084905,12/20/2020,134807.34,999628.03
571,3552081402084905,4/12/2011,337529.27,70676.11
572,3552081402084905,6/30/2016,862154.07,760784.03
573,3552081402084905,10/28/2002,120947.22,226925.09
574,3552081402084905,10/7/2018,887003.29,640263.55
575,3552081402084905,9/27/2001,635342.7,479825.19
576,3552081402084905,4/30/2017,877248.75,661520.68
577,3552081402084905,12/1/2001,129850.37,295121.12
578,3552081402084905,7/27/2015,910740.43,988659.75
579,3552081402084905,1/14/2000,420592.62,475923.82
580,3552081402084905,2/3/2004,629384.21,496976.49
581,3552081402084905,3/30/2012,774978.19,53529.46
582,3552081402084905,6/17/2010,808819.44,933121.03
583,3552081402084905,3/14/2014,418602.81,293140.96
584,3552081402084905,8/12/2009,55135.88,634254.62
585,3552081402084905,6/5/2019,395010.04,623859.58
586,3552081402084905,6/11/2009,449536.36,840560.59
587,3552081402084905,12/7/2019,339405.27,720666.73
588,3552081402084905,12/24/2001,55904.38,474786.45
589,3552081402084905,1/4/2009,362850.15,973775.16
590,3552081402084905,1/24/2003,10022.62,959233.87
591,3552081402084905,11/24/2005,272901.51,729930.72
592,3552081402084905,8/1/2018,93601.55,247966.14
593,3552081402084905,11/28/2019,39868.86,669475.25
594,3552081402084905,6/16/2004,834107.38,200718.27
595,3552081402084905,12/29/2006,774282.19,276848.05
596,3552081402084905,3/10/2015,7770.6,57457.42
597,3552081402084905,3/17/2000,796788.22,598174.38
598,3552081402084905,7/5/2000,979889.39,510117.87
599,3552081402084905,5/18/2013,963562.98,710351.54
600,3552081402084905,1/17/2019,528818.97,629747.39
601,3552081402084905,10/23/2002,280828.61,687360.33
602,3552081402084905,12/9/2022,680768.38,216607.28
603,3552081402084905,9/8/2010,42137.01,815595.2
604,3552081402084905,9/28/2022,395119.79,960345.46
605,3552081402084905,9/4/2021,651386.04,69001.72
606,3552081402084905,3/30/2010,47602.38,497989.33
607,3552081402084905,8/27/2022,551600.78,327459.2
608,3552081402084905,1/14/2013,507749.25,166725.41
609,3552081402084905,9/26/2000,632660.59,565228.51
610,3552081402084905,1/11/2003,58864.12,413545.36
611,3552081402084905,2/2/2005,260241.2,89562.73
612,3552081402084905,1/30/2018,461939.6,445842.01
613,3552081402084905,8/17/2001,701955.15,708289.46
614,3552081402084905,6/26/2008,885195.74,854295.02
615,3552081402084905,4/20/2011,106002.92,859492.1
616,3552081402084905,1/17/2000,519622.9,724379.74
617,3552081402084905,9/27/2016,77107.99,55406.21
618,3552081402084905,8/11/2022,547332.67,472044.79
619,3552081402084905,12/20/2004,203061.74,261907.01
620,3552081402084905,1/28/2020,217207.15,216325.57
621,3552081402084905,5/16/2007,672318.4,561267.74
622,3552081402084905,12/26/2002,509302.33,773029.05
623,3552081402084905,2/2/2020,907813.76,335568.96
624,3552081402084905,10/24/2011,44498.67,193834.03
625,3552081402084905,2/1/2015,801716.86,987350.53
626,3552081402084905,7/11/2020,435015.4,310672.32
627,3552081402084905,10/10/2013,174910.44,130484.02
628,3552081402084905,11/6/2005,953126.9,885199.32
629,3552081402084905,5/29/2016,43241.68,715421.43
630,3552081402084905,4/25/2002,862759.88,337788.68
631,3552081402084905,9/27/2000,91959.56,515311.26
632,3552081402084905,1/8/2015,428322.24,335380.05
633,3552081402084905,5/5/2008,913855.81,91569.57
634,3552081402084905,7/17/2010,988439.84,43017.89
635,3552081402084905,6/18/2005,370113.62,183704.37
636,3552081402084905,6/18/2018,772054.6,192167.59
637,3552081402084905,7/6/2018,256325.76,974164.43
638,3552081402084905,11/29/2008,470638.61,170503.5
639,3552081402084905,5/7/2015,705963.36,960452.93
640,3552081402084905,1/30/2018,357126.2,463772.29
641,3552081402084905,6/29/2004,570052.34,671210.44
642,3552081402084905,11/9/2009,914685.65,962122.16
643,3552081402084905,10/16/2007,174606.74,891072.54
644,3552081402084905,12/12/2019,23106.23,808527.74
645,3552081402084905,10/6/2004,686267.19,762795.42
646,3552081402084905,10/26/2011,250390.76,254013.11
647,3552081402084905,9/23/2000,731560.51,618233.64
648,3552081402084905,4/29/2000,433617.05,697466.8
649,3552081402084905,11/8/2003,326202.99,741148.53
650,3552081402084905,1/8/2003,272258.11,196325.76
651,3552081402084905,8/23/2016,190876.12,444644.65
652,3552081402084905,4/21/2011,606048.07,96359.44
653,3552081402084905,5/15/2007,588058.87,702450.68
654,3552081402084905,7/17/2002,988987.03,715894.97
655,3552081402084905,11/17/2010,852254.79,519528.02
656,3552081402084905,5/16/2016,716786.37,698089.33
657,3552081402084905,4/22/2004,545098.03,516991.31
658,3552081402084905,10/8/2005,969585.32,776577.59
659,3552081402084905,5/29/2009,894896.01,237023.35
660,3552081402084905,6/16/2007,39698.54,764574.48
661,3552081402084905,3/25/2022,176111.0,368996.42
662,3552081402084905,5/24/2001,466811.92,242084.57
663,3552081402084905,2/10/2011,420954.93,682467.41
664,3552081402084905,4/7/2021,241923.91,309585.97
665,3552081402084905,6/25/2012,876838.7,652173.58
666,3552081402084905,9/21/2021,909139.55,309330.35
667,3552081402084905,8/12/2003,881075.36,492095.73
668,3552081402084905,3/2/2022,216275.15,382723.68
669,3552081402084905,5/8/2005,458287.25,594615.5
670,3552081402084905,10/22/2004,106806.84,141322.77
671,3552081402084905,4/13/2010,503266.35,709587.77
672,3552081402084905,10/10/2001,754590.12,390986.13
673,3552081402084905,5/30/2015,39245.78,167513.66
674,3552081402084905,8/29/2019,914732.61,47961.88
675,3552081402084905,4/20/2000,658671.35,190817.84
676,3552081402084905,10/23/2009,847435.6,782097.73
677,3552081402084905,2/18/2004,827413.0,596916.94
678,3552081402084905,2/29/2000,513224.69,35006.15
679,3552081402084905,5/4/2020,699230.81,252629.79
680,3552081402084905,10/28/2020,893561.66,170284.95
681,3552081402084905,10/16/2008,720946.2,444300.42
682,3552081402084905,12/12/2018,83519.57,951836.54
683,3552081402084905,4/19/2005,387355.16,777217.01
684,3552081402084905,4/17/2004,375548.39,588996.15
685,3552081402084905,1/22/2002,431193.29,550189.33
686,3552081402084905,4/20/2005,107842.26,903621.89
687,3552081402084905,3/23/2022,175248.47,91602.32
688,3552081402084905,10/11/2012,17285.33,985792.41
689,3552081402084905,2/6/2015,400948.16,923463.97
690,3552081402084905,1/13/2004,802002.33,294266.22
691,3552081402084905,2/9/2013,597861.44,325523.74
692,3552081402084905,4/19/2005,802784.55,558066.38
693,3552081402084905,12/5/2021,254449.63,309823.72
694,3552081402084905,2/5/2017,46754.83,132346.29
695,3552081402084905,7/28/2000,753297.15,498622.44
696,3552081402084905,7/16/2004,753758.34,468455.39
697,3552081402084905,8/13/2005,926186.43,558919.93
698,3552081402084905,11/11/2009,867547.54,882504.01
699,3552081402084905,11/7/2015,392076.41,160745.91
700,3552081402084905,10/11/2015,816187.65,935071.16
701,3552081402084905,5/12/2000,23519.36,293798.35
702,3552081402084905,11/15/2014,513521.08,483006.84
703,3552081402084905,2/23/2011,175483.97,430592.13
704,3552081402084905,8/27/2010,632482.63,447122.42
705,3552081402084905,10/2/2011,825892.42,772447.72
706,3552081402084905,6/4/2006,555283.04,994462.54
707,3552081402084905,7/9/2003,355201.64,840658.78
708,3552081402084905,5/21/2015,577764.56,903171.84
709,3552081402084905,11/7/2002,148159.78,231401.6
710,3552081402084905,1/16/2005,324517.87,642958.32
711,3552081402084905,7/11/2006,684761.31,380215.62
712,3552081402084905,7/24/2011,833018.6,167888.74
713,3552081402084905,5/31/2016,336366.13,297446.77
714,3552081402084905,7/12/2006,436760.88,474841.21
715,3552081402084905,3/23/2003,3855.17,965751.41
716,3552081402084905,9/10/2008,980975.19,743438.79
717,3552081402084905,3/18/2011,694050.15,712777.92
718,3552081402084905,5/6/2013,31472.17,876354.42
719,3552081402084905,1/5/2015,552375.87,640817.23
720,3552081402084905,12/16/2012,541076.28,559869.19
721,3552081402084905,10/17/2007,435792.58,146710.4
722,3552081402084905,7/13/2021,848786.95,911273.87
723,3552081402084905,7/9/2003,235595.92,90099.26
724,3552081402084905,12/24/2008,404591.42,430269.52
725,3552081402084905,12/31/2005,45535.95,670934.97
726,3552081402084905,6/14/2015,873990.7,886924.69
727,3552081402084905,8/12/2002,995111.88,161064.23
728,3552081402084905,7/30/2008,633753.31,242601.07
729,3552081402084905,9/14/2006,856291.83,514079.05
730,3552081402084905,2/22/2020,9968.81,913294.81
731,3552081402084905,7/12/2004,113349.51,97613.24
732,3552081402084905,11/16/2009,736409.57,107282.31
733,3552081402084905,2/13/2014,13590.34,443374.37
734,3552081402084905,12/2/2015,917245.92,108727.3
735,3552081402084905,3/12/2006,721638.01,805499.74
736,3552081402084905,11/20/2008,363719.83,288237.55
737,3552081402084905,5/12/2022,255722.84,132360.78
738,3552081402084905,1/1/2018,402000.03,32162.64
739,3552081402084905,12/21/2015,905322.08,201740.02
740,3552081402084905,11/20/2009,398789.63,181897.87
741,3552081402084905,12/21/2021,876336.09,323172.57
742,3552081402084905,8/19/2018,840180.63,405962.06
743,3552081402084905,5/29/2001,123163.68,219412.51
744,3552081402084905,1/17/2022,809735.95,557174.36
745,3552081402084905,7/4/2016,981474.37,33046.59
746,3552081402084905,3/1/2007,929788.85,451606.75
747,3552081402084905,5/20/2014,133329.83,291121.35
748,3552081402084905,3/17/2011,595269.18,961416.53
749,3552081402084905,11/21/2003,688998.53,323477.57
750,3552081402084905,2/7/2005,984853.79,672664.84
751,3552081402084905,8/5/2010,584307.77,583542.71
752,3552081402084905,7/22/2016,152459.35,261667.85
753,3552081402084905,6/16/2013,497662.39,585388.03
754,3552081402084905,11/24/2003,668382.45,288503.05
755,3552081402084905,12/12/2021,672439.2,520913.04
756,3552081402084905,7/21/2020,637466.08,913693.9
757,3552081402084905,7/26/2011,291268.02,186633.94
758,3552081402084905,6/9/2019,208762.14,567214.64
759,3552081402084905,3/26/2016,149318.42,67787.99
760,3552081402084905,4/15/2009,301904.52,779618.23
761,3552081402084905,1/5/2015,233603.31,386097.77
762,3552081402084905,12/25/2009,174970.13,146827.25
763,3552081402084905,3/19/2003,15963.81,568508.12
764,3552081402084905,5/9/2007,883772.33,89312.64
765,3552081402084905,7/31/2014,324938.41,489824.86
766,3552081402084905,2/13/2002,709643.11,125823.18
767,3552081402084905,1/4/2005,778173.56,522162.58
768,3552081402084905,3/5/2009,731517.7,658403.8
769,3552081402084905,4/14/2014,904533.59,864520.34
770,3552081402084905,6/12/2018,808571.3,983133.79
771,3552081402084905,10/28/2012,693969.34,140151.02
772,3552081402084905,4/30/2011,817161.23,359155.42
773,3552081402084905,11/15/2022,666725.22,992595.28
774,3552081402084905,3/19/2000,687582.76,633298.69
775,3552081402084905,1/28/2018,761610.28,972517.49
776,3552081402084905,7/30/2015,465201.92,627453.43
777,3552081402084905,10/7/2018,146871.32,962775.63
778,3552081402084905,9/13/2014,771023.9,5982.71
779,3552081402084905,12/11/2019,806290.0,2431.24
780,3552081402084905,4/10/2011,600103.12,501412.48
781,3552081402084905,8/25/2021,51726.5,815270.82
782,3552081402084905,8/19/2011,170157.63,525752.59
783,3552081402084905,11/15/2013,96185.56,86302.29
784,3552081402084905,10/3/2019,873518.48,497833.43
785,3552081402084905,1/3/2011,476610.09,454526.86
786,3552081402084905,12/22/2010,838782.21,737370.21
787,3552081402084905,5/3/2002,745215.29,834868.25
788,3552081402084905,8/14/2000,181199.95,299973.78
789,3552081402084905,4/27/2009,646512.55,734772.42
790,3552081402084905,8/5/2017,853569.22,422923.17
791,3552081402084905,9/4/2019,504439.72,621965.09
792,3552081402084905,9/23/2014,34816.5,302527.64
793,3552081402084905,10/7/2015,41409.49,832491.27
794,3552081402084905,6/18/2007,97477.75,105567.87
795,3552081402084905,2/26/2020,16395.52,41960.49
796,3552081402084905,8/16/2021,957351.98,671712.7
797,3552081402084905,6/12/2007,63493.45,173463.88
798,3552081402084905,7/8/2000,115769.56,256393.09
799,3552081402084905,11/12/2005,410365.03,760878.43
800,3552081402084905,11/12/2004,358787.92,984617.08
801,3552081402084905,6/17/2011,635667.89,399719.19
802,3552081402084905,8/19/2004,760184.24,109816.47
803,3552081402084905,6/30/2020,276885.3,133066.82
804,3552081402084905,7/14/2005,946287.93,482647.32
805,3552081402084905,6/21/2021,993242.19,838604.86
806,3552081402084905,6/19/2002,360403.75,308489.22
807,3552081402084905,5/24/2005,188651.78,215474.98
808,3552081402084905,11/4/2003,461474.66,12056.73
809,3552081402084905,5/23/2008,379014.48,747039.65
810,3552081402084905,10/30/2016,901352.96,524741.49
811,3552081402084905,10/27/2016,31334.09,576139.85
812,3552081402084905,12/19/2015,263454.26,917521.4
813,3552081402084905,12/17/2021,118336.23,715410.04
814,3552081402084905,2/25/2017,420130.62,589307.54
815,3552081402084905,10/27/2002,619067.86,152603.16
816,3552081402084905,3/7/2010,637621.02,832202.07
817,3552081402084905,8/20/2021,182393.71,463240.79
818,3552081402084905,9/23/2020,642211.53,272734.21
819,3552081402084905,12/21/2012,963097.41,580983.25
820,3552081402084905,1/29/2021,791104.03,191985.04
821,3552081402084905,9/26/2009,918112.27,872130.19
822,3552081402084905,7/13/2007,401482.78,994911.1
823,3552081402084905,3/22/2017,884789.56,756748.84
824,3552081402084905,8/26/2004,81681.08,36388.86
825,3552081402084905,12/19/2003,707541.9,887762.66
826,3552081402084905,10/6/2020,43442.16,321433.88
827,3552081402084905,11/15/2015,377700.34,467194.67
828,3552081402084905,6/7/2003,796371.05,749255.38
829,3552081402084905,1/3/2004,930162.74,486718.58
830,3552081402084905,2/23/2009,376999.02,68078.05
831,3552081402084905,10/21/2012,295781.67,100137.15
832,3552081402084905,8/11/2018,822753.31,158168.23
833,3552081402084905,2/12/2016,452977.99,809157.72
834,3552081402084905,6/27/2001,178285.25,753567.43
835,3552081402084905,5/31/2002,872884.1,850776.04
836,3552081402084905,5/14/2008,991607.86,867935.02
837,3552081402084905,5/18/2000,128214.44,971162.56
838,3552081402084905,2/15/2011,523395.64,667061.44
839,3552081402084905,9/9/2013,50293.5,469480.81
840,3552081402084905,6/12/2017,82635.26,288139.8
841,3552081402084905,5/9/2012,666182.23,116876.8
842,3552081402084905,12/19/2016,402222.26,652634.76
843,3552081402084905,7/28/2014,949129.52,432272.07
844,3552081402084905,3/15/2022,620409.34,193115.39
845,3552081402084905,12/4/2003,376691.85,373447.99
846,3552081402084905,2/14/2011,709949.59,244444.82
847,3552081402084905,12/7/2021,417773.25,209809.98
848,3552081402084905,11/9/2001,812979.82,949190.56
849,3552081402084905,7/7/2005,671253.89,238258.85
850,3552081402084905,12/24/2000,357740.03,256466.12
851,3552081402084905,6/5/2009,291189.45,889813.8
852,3552081402084905,10/2/2009,339804.11,124346.56
853,3552081402084905,10/29/2010,249892.45,391602.88
854,3552081402084905,4/8/2004,938848.12,964836.88
855,3552081402084905,6/25/2015,632137.56,376623.8
856,3552081402084905,8/26/2018,699255.18,272364.08
857,3552081402084905,7/9/2000,542648.27,533529.27
858,3552081402084905,4/11/2003,639710.82,42878.31
859,3552081402084905,11/13/2016,353414.11,428937.51
860,3552081402084905,11/22/2008,3115.1,881352.01
861,3552081402084905,8/17/2019,592744.39,66176.84
862,3552081402084905,4/8/2002,679832.34,769123.79
863,3552081402084905,7/16/2006,102944.67,857797.21
864,3552081402084905,11/9/2014,815626.76,119863.0
865,3552081402084905,12/21/2015,430343.8,167927.55
866,3552081402084905,3/28/2005,547784.98,830736.65
867,3552081402084905,11/27/2019,304356.2,603436.87
868,3552081402084905,3/22/2015,173140.92,989103.33
869,3552081402084905,11/23/2021,858881.78,41682.7
870,3552081402084905,10/20/2002,66028.88,140480.48
871,3552081402084905,9/13/2014,163387.71,872411.5
872,3552081402084905,10/26/2011,897781.47,147324.05
873,3552081402084905,11/4/2000,575250.69,228865.98
874,3552081402084905,11/5/2020,883650.91,789162.28
875,3552081402084905,8/19/2000,535437.66,922527.42
876,3552081402084905,4/13/2011,500073.94,939313.4
877,3552081402084905,1/31/2008,252512.22,707741.07
878,3552081402084905,10/22/2012,26139.82,843110.64
879,3552081402084905,12/30/2005,960976.26,905799.41
880,3552081402084905,8/17/2020,907308.23,563421.64
881,3552081402084905,3/12/2020,425720.79,900844.23
882,3552081402084905,5/13/2008,150804.1,177208.38
883,3552081402084905,2/1/2002,730088.46,866535.89
884,3552081402084905,12/18/2013,49087.47,456522.61
885,3552081402084905,9/26/2002,531220.41,43417.49
886,3552081402084905,10/16/2007,351425.03,998868.05
887,3552081402084905,5/27/2013,551453.57,85573.91
888,3552081402084905,7/19/2007,605938.53,452708.39
889,3552081402084905,9/11/2015,604593.0,843731.34
890,3552081402084905,3/1/2004,779109.59,465731.98
891,3552081402084905,10/25/2019,877028.29,919890.47
892,3552081402084905,4/28/2013,149664.91,991142.43
893,3552081402084905,7/28/2002,463975.79,519373.08
894,3552081402084905,8/22/2010,503355.89,873516.32
895,3552081402084905,10/5/2004,617609.17,675388.9
896,3552081402084905,5/20/2022,290653.05,964032.41
897,3552081402084905,7/8/2016,52972.11,225034.41
898,3552081402084905,1/21/2001,149443.76,300982.53
899,3552081402084905,2/10/2016,65679.6,316844.19
900,3552081402084905,10/15/2004,443323.77,298786.56
901,3552081402084905,8/31/2006,519994.3,548403.09
902,3552081402084905,2/7/2000,127923.35,36912.41
903,3552081402084905,6/17/2002,624599.57,328017.47
904,3552081402084905,7/25/2017,241371.14,832714.69
905,3552081402084905,7/4/2010,212621.33,799476.44
906,3552081402084905,2/14/2004,218191.39,379633.89
907,3552081402084905,5/7/2021,42463.58,74323.75
908,3552081402084905,8/22/2007,756529.05,761990.76
909,3552081402084905,12/31/2017,104662.26,339218.49
910,3552081402084905,9/27/2000,772310.67,727744.47
911,3552081402084905,7/13/2016,171983.44,844846.36
912,3552081402084905,10/29/2019,687357.7,859652.72
913,3552081402084905,2/8/2005,972299.41,612473.16
914,3552081402084905,11/30/2021,129075.24,74265.77
915,3552081402084905,12/28/2012,148163.84,987791.8
916,3552081402084905,1/21/2004,884896.96,813200.02
917,3552081402084905,10/25/2010,988372.62,215336.93
918,3552081402084905,3/5/2003,832781.75,864871.94
919,3552081402084905,7/22/2004,385750.96,666306.17
920,3552081402084905,2/18/2003,696201.04,144328.76
921,3552081402084905,8/8/2022,245758.55,642660.36
922,3552081402084905,6/29/2014,961621.62,383835.14
923,3552081402084905,7/28/2021,257166.0,592505.82
924,3552081402084905,11/25/2017,770182.21,357025.78
925,3552081402084905,7/30/2003,854789.73,559194.35
926,3552081402084905,1/7/2003,697025.55,461567.69
927,3552081402084905,4/12/2015,742275.28,223961.85
928,3552081402084905,7/16/2001,520151.04,900350.26
929,3552081402084905,7/7/2009,998904.61,749374.16
930,3552081402084905,8/17/2002,904792.97,284763.11
931,3552081402084905,4/24/2020,928064.09,75352.3
932,3552081402084905,7/29/2019,846048.19,158239.22
933,3552081402084905,2/26/2008,308736.98,890290.69
934,3552081402084905,5/27/2014,869757.34,295950.25
935,3552081402084905,12/13/2008,649100.98,5881.43
936,3552081402084905,10/9/2001,673821.22,790179.52
937,3552081402084905,10/16/2022,257853.34,783711.15
938,3552081402084905,11/12/2009,828315.14,698785.29
939,3552081402084905,11/9/2004,268289.2,343437.71
940,3552081402084905,4/22/2017,626584.0,781821.32
941,3552081402084905,11/27/2010,244618.7,252485.09
942,3552081402084905,10/27/2018,767503.51,800932.21
943,3552081402084905,5/5/2016,909751.48,164685.3
944,3552081402084905,5/10/2021,871602.37,514849.8
945,3552081402084905,11/24/2012,459719.07,331920.46
946,3552081402084905,11/5/2005,705242.9,83411.74
947,3552081402084905,5/19/2007,169779.65,988563.69
948,3552081402084905,9/29/2005,697499.2,786307.68
949,3552081402084905,7/5/2020,85000.54,950053.94
950,3552081402084905,9/3/2015,76056.64,452556.21
951,3552081402084905,10/13/2000,67088.37,533160.01
952,3552081402084905,2/5/2003,228063.71,27317.1
953,3552081402084905,6/6/2014,578499.22,908256.72
954,3552081402084905,8/16/2010,313552.55,54103.04
955,3552081402084905,12/25/2018,744808.16,39882.0
956,3552081402084905,5/19/2021,769334.47,316572.01
957,3552081402084905,6/6/2006,24411.88,108969.95
958,3552081402084905,9/30/2017,112212.07,362271.73
959,3552081402084905,4/25/2021,152680.21,299250.44
960,3552081402084905,5/31/2001,813816.46,774816.62
961,3552081402084905,12/18/2005,445975.05,322667.6
962,3552081402084905,7/13/2002,682500.33,236893.82
963,3552081402084905,6/20/2003,663295.91,312660.61
964,3552081402084905,1/25/2000,224320.28,602627.15
965,3552081402084905,4/24/2000,416737.3,908152.79
966,3552081402084905,11/18/2010,133017.28,927304.92
967,3552081402084905,12/24/2009,385493.04,796505.57
968,3552081402084905,12/25/2022,471723.68,611415.76
969,3552081402084905,10/19/2020,816657.8,79030.28
970,3552081402084905,1/2/2015,302702.58,971528.94
971,3552081402084905,11/8/2011,936164.82,868569.36
972,3552081402084905,1/12/2018,646595.17,21437.38
973,3552081402084905,11/23/2017,823292.3,307274.43
974,3552081402084905,5/18/2021,949898.03,792929.68
975,3552081402084905,5/2/2009,224018.02,308678.6
976,3552081402084905,4/13/2020,56546.55,622412.88
977,3552081402084905,1/5/2014,78549.94,984740.94
978,3552081402084905,2/26/2017,317177.58,675604.57
979,3552081402084905,7/20/2008,486532.0,877885.7
980,3552081402084905,8/19/2002,689028.96,247931.26
981,3552081402084905,2/23/2001,443856.23,965235.54
982,3552081402084905,11/12/2000,764332.91,913649.44
983,3552081402084905,3/18/2004,907150.64,781989.24
984,3552081402084905,9/29/2019,867194.36,331871.0
985,3552081402084905,4/22/2010,523920.49,539756.75
986,3552081402084905,11/23/2013,802465.15,701170.74
987,3552081402084905,7/8/2006,408485.41,58221.68
988,3552081402084905,6/4/2005,313548.37,108886.36
989,3552081402084905,9/13/2016,943218.23,425500.15
990,3552081402084905,9/9/2004,417019.09,36082.9
991,3552081402084905,5/29/2005,169550.38,908021.14
992,3552081402084905,12/22/2000,300249.44,178573.81
993,3552081402084905,9/16/2000,724109.75,573274.28
994,3552081402084905,10/31/2009,653843.53,468514.28
995,3552081402084905,2/3/2007,178566.17,875106.59
996,3552081402084905,7/1/2009,279001.22,437809.9
997,3552081402084905,12/9/2016,159608.55,165997.68
998,3552081402084905,4/8/2010,354147.24,662071.79
999,3552081402084905,11/10/2005,724180.05,129412.58
1000,3552081402084905,10/3/2001,498660.28,623136.62
